{"payload":{"installed_packages":["absl-py==1.4.0","apache-beam==2.46.0","array-record==0.4.1","asttokens==2.4.1","astunparse==1.6.3","attrs==24.2.0","autocommand==2.2.2","avro-python3==1.10.2","backports.tarfile==1.2.0","bleach==6.1.0","cachetools==5.4.0","certifi==2024.7.4","charset-normalizer==3.3.2","click==8.1.7","cloudpickle==2.2.1","colorama==0.4.6","comet-ml==3.44.4","comm==0.2.2","configobj==5.0.8","contextlib2==21.6.0","contourpy==1.2.1","crcmod==1.7","cycler==0.12.1","cython==3.0.10","debugpy==1.8.5","decorator==5.1.1","dill==0.3.1.1","dm-tree==0.1.8","docopt==0.6.2","dulwich==0.22.1","etils==1.5.2","everett==3.1.0","exceptiongroup==1.2.2","executing==2.0.1","fastavro==1.9.5","fasteners==0.19","filelock==3.15.4","flatbuffers==24.3.25","fonttools==4.53.1","fsspec==2024.6.1","gast==0.4.0","gin-config==0.5.0","gitdb==4.0.11","gitpython==3.1.43","google-api-core==2.19.1","google-api-python-client==2.139.0","google-auth==2.32.0","google-auth-httplib2==0.2.0","google-auth-oauthlib==0.4.6","google-pasta==0.2.0","googleapis-common-protos==1.63.1","grpcio==1.34.1","h5py==3.1.0","hdfs==2.7.3","httplib2==0.21.0","idna==3.7","immutabledict==4.2.0","importlib-metadata==8.2.0","importlib-resources==6.4.0","inflect==7.3.1","ipykernel==6.29.5","ipython==8.18.1","jaraco.context==5.3.0","jaraco.functools==4.0.1","jaraco.text==3.12.1","jedi==0.19.1","jinja2==3.1.4","joblib==1.4.2","jsonschema==4.23.0","jsonschema-specifications==2023.12.1","jupyter-client==8.6.2","jupyter-core==5.7.2","kaggle==1.6.17","keras==2.10.0","keras-nightly==2.5.0.dev2021032900","keras-preprocessing==1.1.2","kiwisolver==1.4.5","libclang==18.1.1","lvis==0.5.3","lxml==5.2.2","markdown==3.6","markdown-it-py==3.0.0","markupsafe==2.1.5","matplotlib==3.9.1","matplotlib-inline==0.1.7","mdurl==0.1.2","more-itertools==10.3.0","mpmath==1.3.0","nest-asyncio==1.6.0","networkx==3.2.1","numpy==1.24.4","oauth2client==4.1.3","oauthlib==3.2.2","object-detection==0.1","objsize==0.6.1","opencv-python==4.10.0.84","opencv-python-headless==4.10.0.84","opt-einsum==3.3.0","ordered-set==4.1.0","orjson==3.10.6","packaging==24.1","pandas==2.2.2","parso==0.8.4","pickleshare==0.7.5","pillow==10.4.0","pip==24.2","platformdirs==4.2.2","portalocker==2.10.1","promise==2.3","prompt-toolkit==3.0.47","proto-plus==1.24.0","protobuf==3.19.6","psutil==6.0.0","pure-eval==0.2.3","py-cpuinfo==9.0.0","pyarrow==9.0.0","pyasn1==0.6.0","pyasn1-modules==0.4.0","pycocotools==2.0","pydot==1.4.2","pygments==2.18.0","pymongo==3.13.0","pyparsing==2.4.7","python-box==6.1.0","python-dateutil==2.9.0","python-slugify==8.0.4","pytz==2024.1","pywin32==306","pyyaml==5.4.1","pyzmq==26.1.0","referencing==0.35.1","regex==2024.7.24","requests==2.32.3","requests-oauthlib==2.0.0","requests-toolbelt==1.0.0","rich==13.7.1","rpds-py==0.20.0","rsa==4.9","sacrebleu==2.2.0","scikit-learn==1.5.1","scipy==1.13.1","seaborn==0.13.2","semantic-version==2.10.0","sentencepiece==0.2.0","sentry-sdk==2.13.0","seqeval==1.2.2","setuptools==71.0.4","simplejson==3.19.3","six==1.15.0","smmap==5.0.1","stack-data==0.6.2","sympy==1.13.2","tabulate==0.9.0","tensorboard==2.10.1","tensorboard-data-server==0.6.1","tensorboard-plugin-wit==1.8.1","tensorflow==2.10.1","tensorflow-addons==0.22.0","tensorflow-datasets==4.9.0","tensorflow-estimator==2.10.0","tensorflow-hub==0.16.1","tensorflow-io==0.31.0","tensorflow-io-gcs-filesystem==0.31.0","tensorflow-metadata==1.13.0","tensorflow-model-optimization==0.8.0","tensorflow-text==2.10.0","termcolor==1.1.0","text-unidecode==1.3","tf-keras==2.15.0","tf-models-official==2.10.1","tf-slim==1.1.0","thop==0.1.1.post2209072238","threadpoolctl==3.5.0","toml==0.10.2","tomli==2.0.1","torch==2.4.0","torchvision==0.19.0","tornado==6.4.1","tqdm==4.66.4","traitlets==5.14.3","typeguard==2.13.3","typing-extensions==4.12.2","tzdata==2024.1","ultralytics==8.2.78","ultralytics-thop==2.0.0","uritemplate==4.1.1","urllib3==2.2.2","wcwidth==0.2.13","webencodings==0.5.1","werkzeug==3.0.3","wheel==0.43.0","wrapt==1.12.1","wurlitzer==3.1.1","zipp==3.19.2","zstandard==0.23.0"],"message_id":1},"type":"installed_packages"}
{"payload":{"command":["train.py","--data","test01.yaml","--weights","yolov5.pt","--batch-size","8","--epoch","3"],"env":null,"hostname":"LAPTOP-4AT6KA8B","ip":"192.168.0.101","machine":"AMD64","message_id":2,"os":"Windows-10-10.0.22621-SP0","os_release":"10","os_type":"Windows","pid":15540,"processor":"AMD64 Family 23 Model 96 Stepping 1, AuthenticAMD","python_exe":"e:\\Anaconda\\envs\\obj_detection_env\\python.exe","python_version":"3.9.19","python_version_verbose":"3.9.19 | packaged by conda-forge | (main, Mar 20 2024, 12:38:46) [MSC v.1929 64 bit (AMD64)]","user":"ASUS"},"type":"system_details"}
{"payload":{"local_timestamp":1723846352198,"message_id":3,"param":{"paramName":"data","paramValue":"test01.yaml","source":"cli","step":null}},"type":"parameter_msg"}
{"payload":{"local_timestamp":1723846352199,"message_id":4,"param":{"paramName":"weights","paramValue":"yolov5.pt","source":"cli","step":null}},"type":"parameter_msg"}
{"payload":{"local_timestamp":1723846352199,"message_id":5,"param":{"paramName":"batch-size","paramValue":8,"source":"cli","step":null}},"type":"parameter_msg"}
{"payload":{"local_timestamp":1723846352199,"message_id":6,"param":{"paramName":"epoch","paramValue":3,"source":"cli","step":null}},"type":"parameter_msg"}
{"payload":{"local_timestamp":1723846352199,"message_id":7,"metric":{"epoch":null,"metricName":"sys.cpu.percent.avg","metricValue":0.0,"step":null}},"type":"metric_msg"}
{"payload":{"local_timestamp":1723846352199,"message_id":8,"metric":{"epoch":null,"metricName":"sys.ram.total","metricValue":7968247808,"step":null}},"type":"metric_msg"}
{"payload":{"local_timestamp":1723846352200,"message_id":9,"metric":{"epoch":null,"metricName":"sys.ram.used","metricValue":7595876352,"step":null}},"type":"metric_msg"}
{"payload":{"local_timestamp":1723846352200,"message_id":10,"metric":{"epoch":null,"metricName":"sys.ram.available","metricValue":372371456,"step":null}},"type":"metric_msg"}
{"payload":{"local_timestamp":1723846352200,"message_id":11,"metric":{"epoch":null,"metricName":"sys.ram.percent.used","metricValue":95.3,"step":null}},"type":"metric_msg"}
{"payload":{"local_timestamp":1723846352200,"message_id":12,"metric":{"epoch":null,"metricName":"sys.load.avg","metricValue":0.0,"step":null}},"type":"metric_msg"}
{"payload":{"key":"offline_experiment","message_id":13,"value":true},"type":"log_other"}
{"payload":{"key":"Name","message_id":14,"value":"exp"},"type":"log_other"}
{"payload":{"additional_params":{"assetId":"ead3332fd2ec42f4b026cd2210447200","context":null,"extension":"yaml","fileName":"test01.yaml","overwrite":false,"runId":null,"step":null},"clean":true,"file_path":"tmp7nhu3qel","local_timestamp":1723846352213,"message_id":15,"metadata":{"type":"data-config-file"},"upload_type":"asset"},"type":"file_upload"}
{"payload":{"key":"Created from","message_id":16,"value":"YOLOv5"},"type":"log_other"}
{"payload":{"key":"hasNestedParams","message_id":17,"value":true},"type":"log_other"}
{"payload":{"local_timestamp":1723846352225,"message_id":18,"param":{"paramName":"artifact_alias","paramValue":"latest","source":"manual","step":null}},"type":"parameter_msg"}
{"payload":{"local_timestamp":1723846352225,"message_id":19,"param":{"paramName":"batch_size","paramValue":8,"source":"manual","step":null}},"type":"parameter_msg"}
{"payload":{"local_timestamp":1723846352225,"message_id":20,"param":{"paramName":"bbox_interval","paramValue":-1,"source":"manual","step":null}},"type":"parameter_msg"}
{"payload":{"local_timestamp":1723846352225,"message_id":21,"param":{"paramName":"bucket","paramValue":"","source":"manual","step":null}},"type":"parameter_msg"}
{"payload":{"local_timestamp":1723846352225,"message_id":22,"param":{"paramName":"cache","paramValue":null,"source":"manual","step":null}},"type":"parameter_msg"}
{"payload":{"local_timestamp":1723846352225,"message_id":23,"param":{"paramName":"cfg","paramValue":"","source":"manual","step":null}},"type":"parameter_msg"}
{"payload":{"local_timestamp":1723846352225,"message_id":24,"param":{"paramName":"cos_lr","paramValue":false,"source":"manual","step":null}},"type":"parameter_msg"}
{"payload":{"local_timestamp":1723846352226,"message_id":25,"param":{"paramName":"data","paramValue":"F:\\Surveillence_System_Project_(BCSIR)\\Deep_Learning\\weapon_detection\\yolov5\\data\\test01.yaml","source":"manual","step":null}},"type":"parameter_msg"}
{"payload":{"local_timestamp":1723846352226,"message_id":26,"param":{"paramName":"device","paramValue":"","source":"manual","step":null}},"type":"parameter_msg"}
{"payload":{"local_timestamp":1723846352226,"message_id":27,"param":{"paramName":"entity","paramValue":null,"source":"manual","step":null}},"type":"parameter_msg"}
{"payload":{"local_timestamp":1723846352226,"message_id":28,"param":{"paramName":"epochs","paramValue":3,"source":"manual","step":null}},"type":"parameter_msg"}
{"payload":{"local_timestamp":1723846352226,"message_id":29,"param":{"paramName":"evolve","paramValue":null,"source":"manual","step":null}},"type":"parameter_msg"}
{"payload":{"local_timestamp":1723846352226,"message_id":30,"param":{"paramName":"evolve_population","paramValue":"data\\hyps","source":"manual","step":null}},"type":"parameter_msg"}
{"payload":{"local_timestamp":1723846352226,"message_id":31,"param":{"paramName":"exist_ok","paramValue":false,"source":"manual","step":null}},"type":"parameter_msg"}
{"payload":{"local_timestamp":1723846352226,"message_id":32,"params":{"paramName":"freeze","paramValue":[0],"source":"manual","step":null}},"type":"parameter_msg"}
{"payload":{"local_timestamp":1723846352226,"message_id":33,"param":{"paramName":"hyp|anchor_t","paramValue":4.0,"source":"manual","step":null}},"type":"parameter_msg"}
{"payload":{"local_timestamp":1723846352226,"message_id":34,"param":{"paramName":"hyp|box","paramValue":0.05,"source":"manual","step":null}},"type":"parameter_msg"}
{"payload":{"local_timestamp":1723846352226,"message_id":35,"param":{"paramName":"hyp|cls","paramValue":0.5,"source":"manual","step":null}},"type":"parameter_msg"}
{"payload":{"local_timestamp":1723846352226,"message_id":36,"param":{"paramName":"hyp|cls_pw","paramValue":1.0,"source":"manual","step":null}},"type":"parameter_msg"}
{"payload":{"local_timestamp":1723846352226,"message_id":37,"param":{"paramName":"hyp|copy_paste","paramValue":0.0,"source":"manual","step":null}},"type":"parameter_msg"}
{"payload":{"local_timestamp":1723846352226,"message_id":38,"param":{"paramName":"hyp|degrees","paramValue":0.0,"source":"manual","step":null}},"type":"parameter_msg"}
{"payload":{"local_timestamp":1723846352226,"message_id":39,"param":{"paramName":"hyp|fl_gamma","paramValue":0.0,"source":"manual","step":null}},"type":"parameter_msg"}
{"payload":{"local_timestamp":1723846352226,"message_id":40,"param":{"paramName":"hyp|fliplr","paramValue":0.5,"source":"manual","step":null}},"type":"parameter_msg"}
{"payload":{"local_timestamp":1723846352226,"message_id":41,"param":{"paramName":"hyp|flipud","paramValue":0.0,"source":"manual","step":null}},"type":"parameter_msg"}
{"payload":{"local_timestamp":1723846352226,"message_id":42,"param":{"paramName":"hyp|hsv_h","paramValue":0.015,"source":"manual","step":null}},"type":"parameter_msg"}
{"payload":{"local_timestamp":1723846352226,"message_id":43,"param":{"paramName":"hyp|hsv_s","paramValue":0.7,"source":"manual","step":null}},"type":"parameter_msg"}
{"payload":{"local_timestamp":1723846352226,"message_id":44,"param":{"paramName":"hyp|hsv_v","paramValue":0.4,"source":"manual","step":null}},"type":"parameter_msg"}
{"payload":{"local_timestamp":1723846352226,"message_id":45,"param":{"paramName":"hyp|iou_t","paramValue":0.2,"source":"manual","step":null}},"type":"parameter_msg"}
{"payload":{"local_timestamp":1723846352226,"message_id":46,"param":{"paramName":"hyp|lr0","paramValue":0.01,"source":"manual","step":null}},"type":"parameter_msg"}
{"payload":{"local_timestamp":1723846352226,"message_id":47,"param":{"paramName":"hyp|lrf","paramValue":0.01,"source":"manual","step":null}},"type":"parameter_msg"}
{"payload":{"local_timestamp":1723846352226,"message_id":48,"param":{"paramName":"hyp|mixup","paramValue":0.0,"source":"manual","step":null}},"type":"parameter_msg"}
{"payload":{"local_timestamp":1723846352226,"message_id":49,"param":{"paramName":"hyp|momentum","paramValue":0.937,"source":"manual","step":null}},"type":"parameter_msg"}
{"payload":{"local_timestamp":1723846352226,"message_id":50,"param":{"paramName":"hyp|mosaic","paramValue":1.0,"source":"manual","step":null}},"type":"parameter_msg"}
{"payload":{"local_timestamp":1723846352226,"message_id":51,"param":{"paramName":"hyp|obj","paramValue":1.0,"source":"manual","step":null}},"type":"parameter_msg"}
{"payload":{"local_timestamp":1723846352226,"message_id":52,"param":{"paramName":"hyp|obj_pw","paramValue":1.0,"source":"manual","step":null}},"type":"parameter_msg"}
{"payload":{"local_timestamp":1723846352227,"message_id":53,"param":{"paramName":"hyp|perspective","paramValue":0.0,"source":"manual","step":null}},"type":"parameter_msg"}
{"payload":{"local_timestamp":1723846352227,"message_id":54,"param":{"paramName":"hyp|scale","paramValue":0.5,"source":"manual","step":null}},"type":"parameter_msg"}
{"payload":{"local_timestamp":1723846352227,"message_id":55,"param":{"paramName":"hyp|shear","paramValue":0.0,"source":"manual","step":null}},"type":"parameter_msg"}
{"payload":{"local_timestamp":1723846352227,"message_id":56,"param":{"paramName":"hyp|translate","paramValue":0.1,"source":"manual","step":null}},"type":"parameter_msg"}
{"payload":{"local_timestamp":1723846352227,"message_id":57,"param":{"paramName":"hyp|warmup_bias_lr","paramValue":0.1,"source":"manual","step":null}},"type":"parameter_msg"}
{"payload":{"local_timestamp":1723846352227,"message_id":58,"param":{"paramName":"hyp|warmup_epochs","paramValue":3.0,"source":"manual","step":null}},"type":"parameter_msg"}
{"payload":{"local_timestamp":1723846352227,"message_id":59,"param":{"paramName":"hyp|warmup_momentum","paramValue":0.8,"source":"manual","step":null}},"type":"parameter_msg"}
{"payload":{"local_timestamp":1723846352227,"message_id":60,"param":{"paramName":"hyp|weight_decay","paramValue":0.0005,"source":"manual","step":null}},"type":"parameter_msg"}
{"payload":{"local_timestamp":1723846352227,"message_id":61,"param":{"paramName":"image_weights","paramValue":false,"source":"manual","step":null}},"type":"parameter_msg"}
{"payload":{"local_timestamp":1723846352227,"message_id":62,"param":{"paramName":"imgsz","paramValue":640,"source":"manual","step":null}},"type":"parameter_msg"}
{"payload":{"local_timestamp":1723846352227,"message_id":63,"param":{"paramName":"label_smoothing","paramValue":0.0,"source":"manual","step":null}},"type":"parameter_msg"}
{"payload":{"local_timestamp":1723846352227,"message_id":64,"param":{"paramName":"local_rank","paramValue":-1,"source":"manual","step":null}},"type":"parameter_msg"}
{"payload":{"local_timestamp":1723846352227,"message_id":65,"param":{"paramName":"multi_scale","paramValue":false,"source":"manual","step":null}},"type":"parameter_msg"}
{"payload":{"local_timestamp":1723846352227,"message_id":66,"param":{"paramName":"name","paramValue":"exp","source":"manual","step":null}},"type":"parameter_msg"}
{"payload":{"local_timestamp":1723846352227,"message_id":67,"param":{"paramName":"ndjson_console","paramValue":false,"source":"manual","step":null}},"type":"parameter_msg"}
{"payload":{"local_timestamp":1723846352227,"message_id":68,"param":{"paramName":"ndjson_file","paramValue":false,"source":"manual","step":null}},"type":"parameter_msg"}
{"payload":{"local_timestamp":1723846352227,"message_id":69,"param":{"paramName":"noautoanchor","paramValue":false,"source":"manual","step":null}},"type":"parameter_msg"}
{"payload":{"local_timestamp":1723846352227,"message_id":70,"param":{"paramName":"noplots","paramValue":false,"source":"manual","step":null}},"type":"parameter_msg"}
{"payload":{"local_timestamp":1723846352227,"message_id":71,"param":{"paramName":"nosave","paramValue":false,"source":"manual","step":null}},"type":"parameter_msg"}
{"payload":{"local_timestamp":1723846352227,"message_id":72,"param":{"paramName":"noval","paramValue":false,"source":"manual","step":null}},"type":"parameter_msg"}
{"payload":{"local_timestamp":1723846352227,"message_id":73,"param":{"paramName":"optimizer","paramValue":"SGD","source":"manual","step":null}},"type":"parameter_msg"}
{"payload":{"local_timestamp":1723846352227,"message_id":74,"param":{"paramName":"patience","paramValue":100,"source":"manual","step":null}},"type":"parameter_msg"}
{"payload":{"local_timestamp":1723846352227,"message_id":75,"param":{"paramName":"project","paramValue":"runs\\train","source":"manual","step":null}},"type":"parameter_msg"}
{"payload":{"local_timestamp":1723846352227,"message_id":76,"param":{"paramName":"quad","paramValue":false,"source":"manual","step":null}},"type":"parameter_msg"}
{"payload":{"local_timestamp":1723846352227,"message_id":77,"param":{"paramName":"rect","paramValue":false,"source":"manual","step":null}},"type":"parameter_msg"}
{"payload":{"local_timestamp":1723846352227,"message_id":78,"param":{"paramName":"resume","paramValue":false,"source":"manual","step":null}},"type":"parameter_msg"}
{"payload":{"local_timestamp":1723846352227,"message_id":79,"param":{"paramName":"resume_evolve","paramValue":null,"source":"manual","step":null}},"type":"parameter_msg"}
{"payload":{"local_timestamp":1723846352227,"message_id":80,"param":{"paramName":"save_dir","paramValue":"runs\\train\\exp","source":"manual","step":null}},"type":"parameter_msg"}
{"payload":{"local_timestamp":1723846352227,"message_id":81,"param":{"paramName":"save_period","paramValue":-1,"source":"manual","step":null}},"type":"parameter_msg"}
{"payload":{"local_timestamp":1723846352227,"message_id":82,"param":{"paramName":"seed","paramValue":0,"source":"manual","step":null}},"type":"parameter_msg"}
{"payload":{"local_timestamp":1723846352227,"message_id":83,"param":{"paramName":"single_cls","paramValue":false,"source":"manual","step":null}},"type":"parameter_msg"}
{"payload":{"local_timestamp":1723846352227,"message_id":84,"param":{"paramName":"sync_bn","paramValue":false,"source":"manual","step":null}},"type":"parameter_msg"}
{"payload":{"local_timestamp":1723846352227,"message_id":85,"param":{"paramName":"upload_dataset","paramValue":false,"source":"manual","step":null}},"type":"parameter_msg"}
{"payload":{"local_timestamp":1723846352227,"message_id":86,"param":{"paramName":"workers","paramValue":8,"source":"manual","step":null}},"type":"parameter_msg"}
{"payload":{"local_timestamp":1723846352227,"message_id":87,"param":{"paramName":"anchor_t","paramValue":4.0,"source":"manual","step":null}},"type":"parameter_msg"}
{"payload":{"local_timestamp":1723846352227,"message_id":88,"param":{"paramName":"box","paramValue":0.05,"source":"manual","step":null}},"type":"parameter_msg"}
{"payload":{"local_timestamp":1723846352227,"message_id":89,"param":{"paramName":"cls","paramValue":0.5,"source":"manual","step":null}},"type":"parameter_msg"}
{"payload":{"local_timestamp":1723846352227,"message_id":90,"param":{"paramName":"cls_pw","paramValue":1.0,"source":"manual","step":null}},"type":"parameter_msg"}
{"payload":{"local_timestamp":1723846352227,"message_id":91,"param":{"paramName":"copy_paste","paramValue":0.0,"source":"manual","step":null}},"type":"parameter_msg"}
{"payload":{"local_timestamp":1723846352227,"message_id":92,"param":{"paramName":"degrees","paramValue":0.0,"source":"manual","step":null}},"type":"parameter_msg"}
{"payload":{"local_timestamp":1723846352227,"message_id":93,"param":{"paramName":"fl_gamma","paramValue":0.0,"source":"manual","step":null}},"type":"parameter_msg"}
{"payload":{"local_timestamp":1723846352227,"message_id":94,"param":{"paramName":"fliplr","paramValue":0.5,"source":"manual","step":null}},"type":"parameter_msg"}
{"payload":{"local_timestamp":1723846352227,"message_id":95,"param":{"paramName":"flipud","paramValue":0.0,"source":"manual","step":null}},"type":"parameter_msg"}
{"payload":{"local_timestamp":1723846352227,"message_id":96,"param":{"paramName":"hsv_h","paramValue":0.015,"source":"manual","step":null}},"type":"parameter_msg"}
{"payload":{"local_timestamp":1723846352227,"message_id":97,"param":{"paramName":"hsv_s","paramValue":0.7,"source":"manual","step":null}},"type":"parameter_msg"}
{"payload":{"local_timestamp":1723846352227,"message_id":98,"param":{"paramName":"hsv_v","paramValue":0.4,"source":"manual","step":null}},"type":"parameter_msg"}
{"payload":{"local_timestamp":1723846352227,"message_id":99,"param":{"paramName":"iou_t","paramValue":0.2,"source":"manual","step":null}},"type":"parameter_msg"}
{"payload":{"local_timestamp":1723846352228,"message_id":100,"param":{"paramName":"lr0","paramValue":0.01,"source":"manual","step":null}},"type":"parameter_msg"}
{"payload":{"local_timestamp":1723846352228,"message_id":101,"param":{"paramName":"lrf","paramValue":0.01,"source":"manual","step":null}},"type":"parameter_msg"}
{"payload":{"local_timestamp":1723846352228,"message_id":102,"param":{"paramName":"mixup","paramValue":0.0,"source":"manual","step":null}},"type":"parameter_msg"}
{"payload":{"local_timestamp":1723846352228,"message_id":103,"param":{"paramName":"momentum","paramValue":0.937,"source":"manual","step":null}},"type":"parameter_msg"}
{"payload":{"local_timestamp":1723846352228,"message_id":104,"param":{"paramName":"mosaic","paramValue":1.0,"source":"manual","step":null}},"type":"parameter_msg"}
{"payload":{"local_timestamp":1723846352228,"message_id":105,"param":{"paramName":"obj","paramValue":1.0,"source":"manual","step":null}},"type":"parameter_msg"}
{"payload":{"local_timestamp":1723846352228,"message_id":106,"param":{"paramName":"obj_pw","paramValue":1.0,"source":"manual","step":null}},"type":"parameter_msg"}
{"payload":{"local_timestamp":1723846352228,"message_id":107,"param":{"paramName":"perspective","paramValue":0.0,"source":"manual","step":null}},"type":"parameter_msg"}
{"payload":{"local_timestamp":1723846352228,"message_id":108,"param":{"paramName":"scale","paramValue":0.5,"source":"manual","step":null}},"type":"parameter_msg"}
{"payload":{"local_timestamp":1723846352228,"message_id":109,"param":{"paramName":"shear","paramValue":0.0,"source":"manual","step":null}},"type":"parameter_msg"}
{"payload":{"local_timestamp":1723846352228,"message_id":110,"param":{"paramName":"translate","paramValue":0.1,"source":"manual","step":null}},"type":"parameter_msg"}
{"payload":{"local_timestamp":1723846352228,"message_id":111,"param":{"paramName":"warmup_bias_lr","paramValue":0.1,"source":"manual","step":null}},"type":"parameter_msg"}
{"payload":{"local_timestamp":1723846352228,"message_id":112,"param":{"paramName":"warmup_epochs","paramValue":3.0,"source":"manual","step":null}},"type":"parameter_msg"}
{"payload":{"local_timestamp":1723846352228,"message_id":113,"param":{"paramName":"warmup_momentum","paramValue":0.8,"source":"manual","step":null}},"type":"parameter_msg"}
{"payload":{"local_timestamp":1723846352228,"message_id":114,"param":{"paramName":"weight_decay","paramValue":0.0005,"source":"manual","step":null}},"type":"parameter_msg"}
{"payload":{"additional_params":{"assetId":"6de50560e0564e68815f81352953f359","context":null,"epoch":null,"extension":"json","fileName":"hyperparameters.json","overwrite":false,"runId":null,"step":null},"clean":true,"file_path":"tmpkski1_4z","local_timestamp":1723846352235,"message_id":115,"metadata":{"type":"hyp-config-file"},"upload_type":"asset"},"type":"file_upload"}
{"payload":{"additional_params":{"assetId":"2299c59b296740ad98f4911357b17d87","context":null,"extension":"yaml","fileName":"opt.yaml","overwrite":false,"runId":null,"step":null},"clean":true,"file_path":"tmpbv3sb_ht","local_timestamp":1723846352240,"message_id":116,"metadata":{"type":"opt-config-file"},"upload_type":"asset"},"type":"file_upload"}
{"payload":{"local_timestamp":1723846352240,"message_id":117,"param":{"paramName":"val_conf_threshold","paramValue":0.001,"source":"manual","step":null}},"type":"parameter_msg"}
{"payload":{"local_timestamp":1723846352240,"message_id":118,"param":{"paramName":"val_iou_threshold","paramValue":0.6,"source":"manual","step":null}},"type":"parameter_msg"}
{"payload":{"key":"comet_mode","message_id":119,"value":"online"},"type":"log_other"}
{"payload":{"key":"comet_max_image_uploads","message_id":120,"value":100},"type":"log_other"}
{"payload":{"key":"comet_log_per_class_metrics","message_id":121,"value":false},"type":"log_other"}
{"payload":{"key":"comet_log_batch_metrics","message_id":122,"value":false},"type":"log_other"}
{"payload":{"key":"comet_log_confusion_matrix","message_id":123,"value":true},"type":"log_other"}
{"payload":{"key":"comet_model_name","message_id":124,"value":"yolov5"},"type":"log_other"}
{"payload":{"local_timestamp":1723846352379,"message_id":125,"output":"COMET INFO: Couldn't find a Git repository in 'F:\\\\Surveillence_System_Project_(BCSIR)\\\\Deep_Learning\\\\weapon_detection\\\\yolov5' nor in any parent directory. Set `COMET_GIT_DIRECTORY` if your Git Repository is elsewhere.\n","stderr":true},"type":"standard_output"}
{"payload":{"local_timestamp":1723846352382,"message_id":126,"output":"COMET WARNING: Unknown error exporting current conda environment\n","stderr":true},"type":"standard_output"}
{"payload":{"local_timestamp":1723846352384,"message_id":127,"output":"COMET WARNING: Unknown error retrieving Conda package as an explicit file\n","stderr":true},"type":"standard_output"}
{"payload":{"local_timestamp":1723846352386,"message_id":128,"output":"COMET WARNING: Unknown error retrieving Conda information\n","stderr":true},"type":"standard_output"}
{"payload":{"local_timestamp":1723846352823,"message_id":129,"output":"Traceback (most recent call last):\n  File \"f:\\Surveillence_System_Project_(BCSIR)\\Deep_Learning\\weapon_detection\\yolov5\\train.py\", line 986, in <module>\n    main(opt)\n  File \"f:\\Surveillence_System_Project_(BCSIR)\\Deep_Learning\\weapon_detection\\yolov5\\train.py\", line 688, in main\n    train(opt.hyp, opt, device, callbacks)\n  File \"f:\\Surveillence_System_Project_(BCSIR)\\Deep_Learning\\weapon_detection\\yolov5\\train.py\", line 215, in train\n    ckpt = torch.load(weights, map_location=\"cpu\")  # load checkpoint to CPU to avoid CUDA memory leak\n  File \"e:\\Anaconda\\envs\\obj_detection_env\\lib\\site-packages\\ultralytics\\utils\\patches.py\", line 86, in torch_load\n    return _torch_load(*args, **kwargs)\n  File \"e:\\Anaconda\\envs\\obj_detection_env\\lib\\site-packages\\torch\\serialization.py\", line 1065, in load\n    with _open_file_like(f, 'rb') as opened_file:\n  File \"e:\\Anaconda\\envs\\obj_detection_env\\lib\\site-packages\\torch\\serialization.py\", line 468, in _open_file_like\n    return _open_file(name_or_buffer, mode)\n  File \"e:\\Anaconda\\envs\\obj_detection_env\\lib\\site-packages\\torch\\serialization.py\", line 449, in __init__\n    super().__init__(open(name, mode))\nFileNotFoundError: [Errno 2] No such file or directory: 'yolov5.pt'\n","stderr":true},"type":"standard_output"}
{"payload":{"local_timestamp":1723846352824,"message_id":130,"output":"COMET INFO: ---------------------------------------------------------------------------------------\n","stderr":true},"type":"standard_output"}
{"payload":{"local_timestamp":1723846352824,"message_id":131,"output":"COMET INFO: Comet.ml OfflineExperiment Summary\n","stderr":true},"type":"standard_output"}
{"payload":{"local_timestamp":1723846352824,"message_id":132,"output":"COMET INFO: ---------------------------------------------------------------------------------------\n","stderr":true},"type":"standard_output"}
{"payload":{"local_timestamp":1723846352824,"message_id":133,"output":"COMET INFO:   Data:\n","stderr":true},"type":"standard_output"}
{"payload":{"local_timestamp":1723846352824,"message_id":134,"output":"COMET INFO:     display_summary_level : 1\n","stderr":true},"type":"standard_output"}
{"payload":{"local_timestamp":1723846352824,"message_id":135,"output":"COMET INFO:     name                  : exp\n","stderr":true},"type":"standard_output"}
{"payload":{"local_timestamp":1723846352824,"message_id":136,"output":"COMET INFO:     url                   : [OfflineExperiment will get URL after upload]\n","stderr":true},"type":"standard_output"}
{"payload":{"local_timestamp":1723846352824,"message_id":137,"output":"COMET INFO:   Others:\n","stderr":true},"type":"standard_output"}
{"payload":{"local_timestamp":1723846352825,"message_id":138,"output":"COMET INFO:     Created from                : YOLOv5\n","stderr":true},"type":"standard_output"}
{"payload":{"local_timestamp":1723846352825,"message_id":139,"output":"COMET INFO:     Name                        : exp\n","stderr":true},"type":"standard_output"}
{"payload":{"local_timestamp":1723846352825,"message_id":140,"output":"COMET INFO:     comet_log_batch_metrics     : False\n","stderr":true},"type":"standard_output"}
{"payload":{"local_timestamp":1723846352825,"message_id":141,"output":"COMET INFO:     comet_log_confusion_matrix  : True\n","stderr":true},"type":"standard_output"}
{"payload":{"local_timestamp":1723846352825,"message_id":142,"output":"COMET INFO:     comet_log_per_class_metrics : False\n","stderr":true},"type":"standard_output"}
{"payload":{"local_timestamp":1723846352825,"message_id":143,"output":"COMET INFO:     comet_max_image_uploads     : 100\n","stderr":true},"type":"standard_output"}
{"payload":{"local_timestamp":1723846352825,"message_id":144,"output":"COMET INFO:     comet_mode                  : online\n","stderr":true},"type":"standard_output"}
{"payload":{"local_timestamp":1723846352825,"message_id":145,"output":"COMET INFO:     comet_model_name            : yolov5\n","stderr":true},"type":"standard_output"}
{"payload":{"local_timestamp":1723846352825,"message_id":146,"output":"COMET INFO:     hasNestedParams             : True\n","stderr":true},"type":"standard_output"}
{"payload":{"local_timestamp":1723846352825,"message_id":147,"output":"COMET INFO:     offline_experiment          : True\n","stderr":true},"type":"standard_output"}
{"payload":{"local_timestamp":1723846352825,"message_id":148,"output":"COMET INFO:   Parameters:\n","stderr":true},"type":"standard_output"}
{"payload":{"local_timestamp":1723846352825,"message_id":149,"output":"COMET INFO:     anchor_t            : 4.0\n","stderr":true},"type":"standard_output"}
{"payload":{"local_timestamp":1723846352826,"message_id":150,"output":"COMET INFO:     artifact_alias      : latest\n","stderr":true},"type":"standard_output"}
{"payload":{"local_timestamp":1723846352826,"message_id":151,"output":"COMET INFO:     batch_size          : 8\n","stderr":true},"type":"standard_output"}
{"payload":{"local_timestamp":1723846352826,"message_id":152,"output":"COMET INFO:     bbox_interval       : -1\n","stderr":true},"type":"standard_output"}
{"payload":{"local_timestamp":1723846352826,"message_id":153,"output":"COMET INFO:     box                 : 0.05\n","stderr":true},"type":"standard_output"}
{"payload":{"local_timestamp":1723846352826,"message_id":154,"output":"COMET INFO:     bucket              : \n","stderr":true},"type":"standard_output"}
{"payload":{"local_timestamp":1723846352826,"message_id":155,"output":"COMET INFO:     cache               : None\n","stderr":true},"type":"standard_output"}
{"payload":{"local_timestamp":1723846352826,"message_id":156,"output":"COMET INFO:     cfg                 : \n","stderr":true},"type":"standard_output"}
{"payload":{"local_timestamp":1723846352826,"message_id":157,"output":"COMET INFO:     cls                 : 0.5\n","stderr":true},"type":"standard_output"}
{"payload":{"local_timestamp":1723846352826,"message_id":158,"output":"COMET INFO:     cls_pw              : 1.0\n","stderr":true},"type":"standard_output"}
{"payload":{"local_timestamp":1723846352826,"message_id":159,"output":"COMET INFO:     copy_paste          : 0.0\n","stderr":true},"type":"standard_output"}
{"payload":{"local_timestamp":1723846352826,"message_id":160,"output":"COMET INFO:     cos_lr              : False\n","stderr":true},"type":"standard_output"}
{"payload":{"local_timestamp":1723846352826,"message_id":161,"output":"COMET INFO:     degrees             : 0.0\n","stderr":true},"type":"standard_output"}
{"payload":{"local_timestamp":1723846352826,"message_id":162,"output":"COMET INFO:     device              : \n","stderr":true},"type":"standard_output"}
{"payload":{"local_timestamp":1723846352826,"message_id":163,"output":"COMET INFO:     entity              : None\n","stderr":true},"type":"standard_output"}
{"payload":{"local_timestamp":1723846352827,"message_id":164,"output":"COMET INFO:     epochs              : 3\n","stderr":true},"type":"standard_output"}
{"payload":{"local_timestamp":1723846352827,"message_id":165,"output":"COMET INFO:     evolve              : None\n","stderr":true},"type":"standard_output"}
{"payload":{"local_timestamp":1723846352827,"message_id":166,"output":"COMET INFO:     evolve_population   : data\\hyps\n","stderr":true},"type":"standard_output"}
{"payload":{"local_timestamp":1723846352827,"message_id":167,"output":"COMET INFO:     exist_ok            : False\n","stderr":true},"type":"standard_output"}
{"payload":{"local_timestamp":1723846352827,"message_id":168,"output":"COMET INFO:     fl_gamma            : 0.0\n","stderr":true},"type":"standard_output"}
{"payload":{"local_timestamp":1723846352827,"message_id":169,"output":"COMET INFO:     fliplr              : 0.5\n","stderr":true},"type":"standard_output"}
{"payload":{"local_timestamp":1723846352827,"message_id":170,"output":"COMET INFO:     flipud              : 0.0\n","stderr":true},"type":"standard_output"}
{"payload":{"local_timestamp":1723846352827,"message_id":171,"output":"COMET INFO:     freeze              : [0]\n","stderr":true},"type":"standard_output"}
{"payload":{"local_timestamp":1723846352827,"message_id":172,"output":"COMET INFO:     hsv_h               : 0.015\n","stderr":true},"type":"standard_output"}
{"payload":{"local_timestamp":1723846352827,"message_id":173,"output":"COMET INFO:     hsv_s               : 0.7\n","stderr":true},"type":"standard_output"}
{"payload":{"local_timestamp":1723846352827,"message_id":174,"output":"COMET INFO:     hsv_v               : 0.4\n","stderr":true},"type":"standard_output"}
{"payload":{"local_timestamp":1723846352827,"message_id":175,"output":"COMET INFO:     hyp|anchor_t        : 4.0\n","stderr":true},"type":"standard_output"}
{"payload":{"local_timestamp":1723846352827,"message_id":176,"output":"COMET INFO:     hyp|box             : 0.05\n","stderr":true},"type":"standard_output"}
{"payload":{"local_timestamp":1723846352828,"message_id":177,"output":"COMET INFO:     hyp|cls             : 0.5\n","stderr":true},"type":"standard_output"}
{"payload":{"local_timestamp":1723846352828,"message_id":178,"output":"COMET INFO:     hyp|cls_pw          : 1.0\n","stderr":true},"type":"standard_output"}
{"payload":{"local_timestamp":1723846352828,"message_id":179,"output":"COMET INFO:     hyp|copy_paste      : 0.0\n","stderr":true},"type":"standard_output"}
{"payload":{"local_timestamp":1723846352828,"message_id":180,"output":"COMET INFO:     hyp|degrees         : 0.0\n","stderr":true},"type":"standard_output"}
{"payload":{"local_timestamp":1723846352828,"message_id":181,"output":"COMET INFO:     hyp|fl_gamma        : 0.0\n","stderr":true},"type":"standard_output"}
{"payload":{"local_timestamp":1723846352828,"message_id":182,"output":"COMET INFO:     hyp|fliplr          : 0.5\n","stderr":true},"type":"standard_output"}
{"payload":{"local_timestamp":1723846352828,"message_id":183,"output":"COMET INFO:     hyp|flipud          : 0.0\n","stderr":true},"type":"standard_output"}
{"payload":{"local_timestamp":1723846352828,"message_id":184,"output":"COMET INFO:     hyp|hsv_h           : 0.015\n","stderr":true},"type":"standard_output"}
{"payload":{"local_timestamp":1723846352828,"message_id":185,"output":"COMET INFO:     hyp|hsv_s           : 0.7\n","stderr":true},"type":"standard_output"}
{"payload":{"local_timestamp":1723846352828,"message_id":186,"output":"COMET INFO:     hyp|hsv_v           : 0.4\n","stderr":true},"type":"standard_output"}
{"payload":{"local_timestamp":1723846352828,"message_id":187,"output":"COMET INFO:     hyp|iou_t           : 0.2\n","stderr":true},"type":"standard_output"}
{"payload":{"local_timestamp":1723846352828,"message_id":188,"output":"COMET INFO:     hyp|lr0             : 0.01\n","stderr":true},"type":"standard_output"}
{"payload":{"local_timestamp":1723846352828,"message_id":189,"output":"COMET INFO:     hyp|lrf             : 0.01\n","stderr":true},"type":"standard_output"}
{"payload":{"local_timestamp":1723846352828,"message_id":190,"output":"COMET INFO:     hyp|mixup           : 0.0\n","stderr":true},"type":"standard_output"}
{"payload":{"local_timestamp":1723846352829,"message_id":191,"output":"COMET INFO:     hyp|momentum        : 0.937\n","stderr":true},"type":"standard_output"}
{"payload":{"local_timestamp":1723846352829,"message_id":192,"output":"COMET INFO:     hyp|mosaic          : 1.0\n","stderr":true},"type":"standard_output"}
{"payload":{"local_timestamp":1723846352829,"message_id":193,"output":"COMET INFO:     hyp|obj             : 1.0\n","stderr":true},"type":"standard_output"}
{"payload":{"local_timestamp":1723846352829,"message_id":194,"output":"COMET INFO:     hyp|obj_pw          : 1.0\n","stderr":true},"type":"standard_output"}
{"payload":{"local_timestamp":1723846352829,"message_id":195,"output":"COMET INFO:     hyp|perspective     : 0.0\n","stderr":true},"type":"standard_output"}
{"payload":{"local_timestamp":1723846352829,"message_id":196,"output":"COMET INFO:     hyp|scale           : 0.5\n","stderr":true},"type":"standard_output"}
{"payload":{"local_timestamp":1723846352829,"message_id":197,"output":"COMET INFO:     hyp|shear           : 0.0\n","stderr":true},"type":"standard_output"}
{"payload":{"local_timestamp":1723846352829,"message_id":198,"output":"COMET INFO:     hyp|translate       : 0.1\n","stderr":true},"type":"standard_output"}
{"payload":{"local_timestamp":1723846352829,"message_id":199,"output":"COMET INFO:     hyp|warmup_bias_lr  : 0.1\n","stderr":true},"type":"standard_output"}
{"payload":{"local_timestamp":1723846352829,"message_id":200,"output":"COMET INFO:     hyp|warmup_epochs   : 3.0\n","stderr":true},"type":"standard_output"}
{"payload":{"local_timestamp":1723846352829,"message_id":201,"output":"COMET INFO:     hyp|warmup_momentum : 0.8\n","stderr":true},"type":"standard_output"}
{"payload":{"local_timestamp":1723846352829,"message_id":202,"output":"COMET INFO:     hyp|weight_decay    : 0.0005\n","stderr":true},"type":"standard_output"}
{"payload":{"local_timestamp":1723846352829,"message_id":203,"output":"COMET INFO:     image_weights       : False\n","stderr":true},"type":"standard_output"}
{"payload":{"local_timestamp":1723846352829,"message_id":204,"output":"COMET INFO:     imgsz               : 640\n","stderr":true},"type":"standard_output"}
{"payload":{"local_timestamp":1723846352830,"message_id":205,"output":"COMET INFO:     iou_t               : 0.2\n","stderr":true},"type":"standard_output"}
{"payload":{"local_timestamp":1723846352830,"message_id":206,"output":"COMET INFO:     label_smoothing     : 0.0\n","stderr":true},"type":"standard_output"}
{"payload":{"local_timestamp":1723846352830,"message_id":207,"output":"COMET INFO:     local_rank          : -1\n","stderr":true},"type":"standard_output"}
{"payload":{"local_timestamp":1723846352830,"message_id":208,"output":"COMET INFO:     lr0                 : 0.01\n","stderr":true},"type":"standard_output"}
{"payload":{"local_timestamp":1723846352830,"message_id":209,"output":"COMET INFO:     lrf                 : 0.01\n","stderr":true},"type":"standard_output"}
{"payload":{"local_timestamp":1723846352830,"message_id":210,"output":"COMET INFO:     mixup               : 0.0\n","stderr":true},"type":"standard_output"}
{"payload":{"local_timestamp":1723846352830,"message_id":211,"output":"COMET INFO:     momentum            : 0.937\n","stderr":true},"type":"standard_output"}
{"payload":{"local_timestamp":1723846352830,"message_id":212,"output":"COMET INFO:     mosaic              : 1.0\n","stderr":true},"type":"standard_output"}
{"payload":{"local_timestamp":1723846352830,"message_id":213,"output":"COMET INFO:     multi_scale         : False\n","stderr":true},"type":"standard_output"}
{"payload":{"local_timestamp":1723846352830,"message_id":214,"output":"COMET INFO:     name                : exp\n","stderr":true},"type":"standard_output"}
{"payload":{"local_timestamp":1723846352830,"message_id":215,"output":"COMET INFO:     ndjson_console      : False\n","stderr":true},"type":"standard_output"}
{"payload":{"local_timestamp":1723846352830,"message_id":216,"output":"COMET INFO:     ndjson_file         : False\n","stderr":true},"type":"standard_output"}
{"payload":{"local_timestamp":1723846352830,"message_id":217,"output":"COMET INFO:     noautoanchor        : False\n","stderr":true},"type":"standard_output"}
{"payload":{"local_timestamp":1723846352830,"message_id":218,"output":"COMET INFO:     noplots             : False\n","stderr":true},"type":"standard_output"}
{"payload":{"local_timestamp":1723846352830,"message_id":219,"output":"COMET INFO:     nosave              : False\n","stderr":true},"type":"standard_output"}
{"payload":{"local_timestamp":1723846352830,"message_id":220,"output":"COMET INFO:     noval               : False\n","stderr":true},"type":"standard_output"}
{"payload":{"local_timestamp":1723846352830,"message_id":221,"output":"COMET INFO:     obj                 : 1.0\n","stderr":true},"type":"standard_output"}
{"payload":{"local_timestamp":1723846352830,"message_id":222,"output":"COMET INFO:     obj_pw              : 1.0\n","stderr":true},"type":"standard_output"}
{"payload":{"local_timestamp":1723846352830,"message_id":223,"output":"COMET INFO:     optimizer           : SGD\n","stderr":true},"type":"standard_output"}
{"payload":{"local_timestamp":1723846352830,"message_id":224,"output":"COMET INFO:     patience            : 100\n","stderr":true},"type":"standard_output"}
{"payload":{"local_timestamp":1723846352832,"message_id":225,"output":"COMET INFO:     perspective         : 0.0\n","stderr":true},"type":"standard_output"}
{"payload":{"local_timestamp":1723846352832,"message_id":226,"output":"COMET INFO:     project             : runs\\train\n","stderr":true},"type":"standard_output"}
{"payload":{"local_timestamp":1723846352832,"message_id":227,"output":"COMET INFO:     quad                : False\n","stderr":true},"type":"standard_output"}
{"payload":{"local_timestamp":1723846352832,"message_id":228,"output":"COMET INFO:     rect                : False\n","stderr":true},"type":"standard_output"}
{"payload":{"local_timestamp":1723846352832,"message_id":229,"output":"COMET INFO:     resume              : False\n","stderr":true},"type":"standard_output"}
{"payload":{"local_timestamp":1723846352832,"message_id":230,"output":"COMET INFO:     resume_evolve       : None\n","stderr":true},"type":"standard_output"}
{"payload":{"local_timestamp":1723846352832,"message_id":231,"output":"COMET INFO:     save_dir            : runs\\train\\exp\n","stderr":true},"type":"standard_output"}
{"payload":{"local_timestamp":1723846352832,"message_id":232,"output":"COMET INFO:     save_period         : -1\n","stderr":true},"type":"standard_output"}
{"payload":{"local_timestamp":1723846352832,"message_id":233,"output":"COMET INFO:     scale               : 0.5\n","stderr":true},"type":"standard_output"}
{"payload":{"local_timestamp":1723846352833,"message_id":234,"output":"COMET INFO:     seed                : 0\n","stderr":true},"type":"standard_output"}
{"payload":{"local_timestamp":1723846352834,"message_id":235,"output":"COMET INFO:     shear               : 0.0\n","stderr":true},"type":"standard_output"}
{"payload":{"local_timestamp":1723846352835,"message_id":236,"output":"COMET INFO:     single_cls          : False\n","stderr":true},"type":"standard_output"}
{"payload":{"local_timestamp":1723846352835,"message_id":237,"output":"COMET INFO:     sync_bn             : False\n","stderr":true},"type":"standard_output"}
{"payload":{"local_timestamp":1723846352835,"message_id":238,"output":"COMET INFO:     translate           : 0.1\n","stderr":true},"type":"standard_output"}
{"payload":{"local_timestamp":1723846352835,"message_id":239,"output":"COMET INFO:     upload_dataset      : False\n","stderr":true},"type":"standard_output"}
{"payload":{"local_timestamp":1723846352835,"message_id":240,"output":"COMET INFO:     val_conf_threshold  : 0.001\n","stderr":true},"type":"standard_output"}
{"payload":{"local_timestamp":1723846352835,"message_id":241,"output":"COMET INFO:     val_iou_threshold   : 0.6\n","stderr":true},"type":"standard_output"}
{"payload":{"local_timestamp":1723846352835,"message_id":242,"output":"COMET INFO:     warmup_bias_lr      : 0.1\n","stderr":true},"type":"standard_output"}
{"payload":{"local_timestamp":1723846352835,"message_id":243,"output":"COMET INFO:     warmup_epochs       : 3.0\n","stderr":true},"type":"standard_output"}
{"payload":{"local_timestamp":1723846352836,"message_id":244,"output":"COMET INFO:     warmup_momentum     : 0.8\n","stderr":true},"type":"standard_output"}
{"payload":{"local_timestamp":1723846352836,"message_id":245,"output":"COMET INFO:     weight_decay        : 0.0005\n","stderr":true},"type":"standard_output"}
{"payload":{"local_timestamp":1723846352836,"message_id":246,"output":"COMET INFO:     workers             : 8\n","stderr":true},"type":"standard_output"}
{"payload":{"local_timestamp":1723846352836,"message_id":247,"output":"COMET INFO:   Uploads:\n","stderr":true},"type":"standard_output"}
{"payload":{"local_timestamp":1723846352836,"message_id":248,"output":"COMET INFO:     asset               : 3 (2.01 KB)\n","stderr":true},"type":"standard_output"}
{"payload":{"local_timestamp":1723846352836,"message_id":249,"output":"COMET INFO:     environment details : 1\n","stderr":true},"type":"standard_output"}
{"payload":{"local_timestamp":1723846352836,"message_id":250,"output":"COMET INFO:     installed packages  : 1\n","stderr":true},"type":"standard_output"}
{"payload":{"local_timestamp":1723846352837,"message_id":251,"output":"COMET INFO: \n","stderr":true},"type":"standard_output"}
